0xB6Ebe9453a42315a54e3184cd59B70A4924c1064,1
0x4c7497B2eF62885b40bcdE3a681bc1FBf9544b1E,3
0x39Ee84beD591E21969F656e342Cc961b1e13Ec09,1
0x96e7CFCB8Fe7F57420B20903966414eBc981959b,1
0xe80dcD9cf43124358AfD59679FB09a08CD9f165f,2
0xFdfC259070C6a88e14E9c16339C467ad6615e163,1
0x25AB9DDA33DD8D2aBD2F1f27654e0565dA54b35b,1
0xE08985122136370DfD579B27162172110BBc550A,3
0x5709630F086E8D545a222C1D69cf64706B1C1F50,2
0x408Ad8Bc978CAA79cf0cEa8eb37d3Dcf9ce682c6,2
0x2752561C4c978E58C1f76Ae2B4f80F1FF0c90ff8,1
0x616A9489287F7d129dBE13dFD43E3476E562C1Ee,2
0xFb6EFfd4528d7e03cC5c53880C15A7bb0C24f1f9,2
0x000000214A258f1Bd45e8a20aD6c462bB2406893,1
0x07A3B3135981AE5494B16726C9a148fe32875d65,3
0xC57998d98E87e4c1f7284DFe58B05658e218EF97,1
0xFD1dF59F5dC242701A85Bd013C5295768bE819A6,2
0x041cA72952bb9749A75535eD9f5af0FF28723D43,3
0xF90eD12963aa853b1966BD0506d70531A9f84007,3
0xBFe5DC3A84d728389Cd132fA7b2b0FD94DC28b07,1
0x41374a2BB3e11A407682478B8dE4235793aD7CC2,3
0xbFCeDD75744B6b6254103819380d005129b1C349,1
0x67eE75827371638321C9EA81DeA27E3370a7Ba0D,1
0x32a40270b54ae88526CCD28255D8a02bd54198fC,3
0xBf842865e423e322541c5c00ed8Ad2B78E4Aa90f,2
0x7c3657c64b0afE6374Fe1152c254350201E6CDE2,3
0xE376486693A1DD8752ecDb541A1e45397Bfb2B96,1
0x88d53924896D5f075823064A7CCc827ECafe856f,3
0xC874B715aD27bC98332F658CfC6eD2A53b9c2d6c,3
0xD3B0bd1B1D169DAEEa4fe6eeE1c3016c6Ac4fBd7,4
0x43f370Ae89039Eff703088aa89523f0c4de4CFe1,1
0x99e5bC755F65d2943578977614391aCE52bB7325,1
0x65D2485a081B1F0C800EBFfd7d194AEc17d7f41C,1
0xB2f660Cb57D0825d1F77D953c7d06b0D66D1375D,1
0x033bFC2FD9B2122A544B60F9B503628d3ACe6F49,3
0x876f7483410Bbb9b3B8B4E91E6cE389370268726,1
0x41030b161eaD5C233EAf86ad22C1A9286E6827c8,0
0x00F09e8589B6D30c475b6230f627e279CF4EB018,5
0xeA13255d7dAd4967CDa3f77951AB91aB2D56a502,3
0x7211354fd2bdaae0da35dba0f0e90edb25cb55a8,0
0x671B39103d6db1161A914C80900C1D9832E2F178,2
0xD617Ab1023b364F0520CaF992c819fF3dF3847e9,1
0xE1C1D2d9A495f97de078E82b9F37908dE53333Bd,2
0xa5E94962F4774a67bD3725C7AB32343f1B992155,1
0xC6392EB5A18bd5deBFC68038b5814194fe8E8fbd,2
0xF1a65D8780F7a15B4e9Ad8197a5c7026Cb35aCfd,2
0x51347D751EA97281f1DDB1A280B5d3657943F3F7,2
0xdbc4526Cd039b56C95133383fd3fE00c5ceBff4f,1
0x55FA75db82C598470527A9A693d5866E41bC15Aa,3
0x4fD412b2752a0149B55798E4Fb7B2320AFFe1Dd3,3
0x73d026953e8eb72e85bC184F02e7bCA329875b7C,0
0x2E37f5eADDA7576C02608f827Ab85Ca642A84543,0
0x4Ab6B33411f35427Ce0224E798A8b3882C43d343,3
0x82f58f4C2868ce1979446FEBcb3D193ffF15D6e4,2
0x5962fA6C0eDC2D3f733865160756E7AE5165c9B5,3
0xA68399A54Ffe3C5b39190131bAe61C8Dc4E0939f,2
0xB815A0037e2a8d42FC8FE428F785B38989C6DE70,2
0x03d5BA7E98E7D43f499D9D25C85335950DC3377c,3
0xBfD92880b09d5DA4Cc153CBe257273fe98202c89,2
0x90932e81561E9F23057e9D06a9Af1aA8BF1F5BC1,1
0x37Fb6aFE23B93979Cf53e4d8cE9D313d2A85FF26,0
0xFD5583E17815B174Beeef3da170e704e233f7052,1
0xE8E5909dAe931d39c0d068D5896DB656ff87D1db,1
0x3e6fc38737ce32376F72070562057e1A14A13094,3
0x6d20c782a51d14F877144B6EC0673A9F55F32c03,1
0xa66DD34Ba225e58D6FF6F204e4A353e5587EfCF3,1
0x7e871df26e835615cc8ded0baf7c8297ed902061,0
0xe8C5a09314b5f883110444a13bC2E6C3B712BA96,1
0xC1e6E0d4eE9E1fDb411216969090E284eB47D28a,1
0x22d1267c9b71086c94CC0cF68D1E73c8F231053e,2
0xcF85b617af87D2062B660102b65B59005f8Da33c,5
0x566C0BD32e1DaA115624228d441e5631f04fc0bB,1
0x24A710738f15291d6C7A0e6d6effEbEbb6169E15,0
0xccEE149a9122CAB98F36494C5D046aCEe1b4A05b,3
0xE26b9df4d596aFBF6869EBEb5859212D36cA5d34,3
0xF8CBD235AB6941b7C4C3eda57F7bFB800Ee42dC1,1
0x06d0f47342491aec1c2d37e46a60608c97a8a12a,0
0xE029cB49ABB47fF3009e2Ac987D7F1c1c7B13EA8,2
0x5f3F6ecD05cD6593a1394c58C4456fcf64A26d97,2
0x6C6e851fA1c37Aaf15D532cCFCbB35EE552b5C69,1
0x1F7F828C7822b892dddb9325a951a360eFB8f73c,3
0xa680bf5150cc83D0d4712997f8f5c6bEfF17143f,4
0xA2231Be122B2C7b03027daac6Cf8A61e9488FAdf,1
0x15DEb2a622971640f84c7495680b1A89CCA4B49A,1
0x021952fe7A3f59bA1fe051EC1e0D3C3a0275e4De,3
0xa55F77B832087683089f15d305b5514C5558B681,2
0xe3a1E80a28c476bED65f5650fAEED962ab6121B5,3
0x7C81FD3B2166DaFa8E2C3f41B9aC6B8274a170D9,3
0x3F97828c7e924f832dF8A1C65b382c07A5ff9CA0,3
0x734553464035A09D8a060575D8ba48CeEFE276b3,2
0x9e17dd992058b0C1f636abD370168629bb3E95d3,2
0x220FAbb16bB45eBEa03A9dBaeb5f16969E3AE10d,11
0x353818F47223549a1E23b39022cCf9098dB0EbfE,1
0x4B5fD4BBfA23D9d00d1EB298e91d44612777F63C,1
0xa467171c734b175cfd09b6e4d8b28be1ec1ca956,2
0x40BdaB2c3Be6A187E855Cc1a07B92c4587E8f2d6,8
0xc3b7Be5740Aad48455bFF20fBd9ced0D464B841A,3
0x65B80b049B1f917F7f8106B538822Dc69a3C2c05,0
0x7583533E2fA293ECef907639854643c5Dc473e13,2
0x24258691cB4E8e39775933f1EeB06a65f532c505,2
0x45Eeb12Ba77d013e63B73b1C6d35E5cCe6E7a24D,1
0x6d6F1A80B92cCB065126041E9EF6fc0ca748C12c,2
0x88Ea0EDbB8aD489a775334603FcB26cd4561498A,1
0xD5594Dc80Ad70eAf609Ede4d33440ebfb18A34CD,1
0x0b2058D738B4CD526eF84144701BE2501bDbc42b,3
0x50bC6d96c8F23F13D9DeB3c5C6969bD8051c2cC9,1
0x96Da81e96da21fA0c3dA7Cfe8BEAFE79ef613772,2
0xf6de02fbf11c6968722b4caa47de4d9ab84b1f72,0
0xaEeC4117D929FB3D78A7FD82Ee8D95854A13fdCf,1
0xa3BECb3130f6765e6932dA3081536EB532917Eaa,2
0x4dB1901FEdB33b8c779f891c1113451a4227e64c,1
0x4AcED3628AE8D9d0cBC55901F9721CE09c73DAf5,1
0xd88a1E6e198a891f91e6435A4BF20326c8034673,4
0xA53e87d8DBD6A1E7E1F1f965Af3cf64059246D5d,3
0x52a267Ad797be3ea4eB0B11DbF5fe535B761DA6E,1
0x01Cf88261Acc9A5cd8b774AcB9114e596C50da6b,3
0xc42CA8f6c802b78Dc9Db92c48fA92c78340Ab3D7,3
0xd4b8C74b4DF5596E7016ec98a16554007b696e8c,0
0x369fD32D404488a742AAD920ba125CBD1f762820,3
0xf8721641a1398aD89298FD0E5B618297116C9a3A,2
0xa84920dAF98521B15A6C337b24E90EFC84A21944,2
0x2d78feffe6268fC5683DAab31f16C8F928F5E178,1
0xb97427935B5eaa8F5cc7B7A09C5e1BE69943FD68,2
0x7e5186df47496950291175c58f409d53fb985fdf,0
0x536add44676ccB599796DfDfc570DA9F6d37537a,2
0x8e2e25B2D38b4882a7bac42A18F15aC05C91BFAD,1
0x9F92D4E975c4f64eb5E0993CA11Fa39Ccb54985F,2
0x6A19A33353C62D0Aa4D97a09f93Cc3B729DABB30,1
0x7225B6c9CB77278a40aDd622F3358DD99c58e5B3,3
0x7B3FA6909261C5d8D3270d9c781A0b1c02E9c27a,3
0x798793f71D3f940613C2fea9f58f2D4dE54143D0,2
0x13dd1C888559B8FEAF2037d749735D46eF716960,3
0x1a19AdF80874d1d2D7f237C7cCaC5caeeF8d95c3,8
0x76D987C7fd9E76794728db68d8F53351Df3E3095,0
0x0f0c8964B53c040464aD6F628043688de9996990,2
0xCedbA11D1c9d408172a34004Da3a0d06312C1F16,1
0xE7C430ae9246716cC414FC4Dea3f814322F3e0F1,1
0xdc00479508ed14ba258d32a7cc59fde517c080a0,0
0xF67C794f119799f1C968ea20C6dF9c224DCf6CE6,1
0x995Cb6F20D8Ad9554D1034ae5835F71CF500BA86,3
0x3caf794aB40d748Ae64C04DF1Ec53097877ed99e,3
0x5C14533b3c401879800143e9A7125570Cdc16D8C,1
0xC272F976E3343f8b75d111321795cFE7812Dd37E,1
0xB98842bC996eeE7dc208EC1853362A07e5f6fb7d,1
0xF4347Ea605883CeB876567493541404AC1469eCA,1
0xdBC96632e7fc75cd27EF1B619e4AC341c77bAaeD,1
0xd8ed52d0a5ac37abf2f0e40fa918a05bebe8d189,0
0x24860Fe14B24cAde5F02c1ee3a71EbbA7A784105,1
0xD3e0f44F99E95C5DEa13c2F6974184C6c6F94f23,0
0x8dc082f8E259c2b26605b52EE03537f2599064D9,1
0x44b7bfc5b8Ab029eA404F2E66a80c741AaeD8a16,1
0x9968e0957EeB8aA35A05Cc17adC227F0FC475c5F,1
0xb5698ae179B00285Bc68Da6Cb2Fdb6b7b0Ac3B7E,4
0xeDD51Ccd72E1E754f8250B51De9622286fCEFae6,1
0x3B5dDed413754f73631437422B8Ef42a9a74247A,1
0x673D98A33F734D306a1c832c035f348e4C3A0853,2
0xBFB2d56DEBEFF3E93a9C2454DE727D5163102D45,1
0x813D3A52E34dC1F878740f7786cdeF2195476A0b,4
0xaBa35C6124a0f1D9b85f673EB0A311A87814AcC4,1
0xa6b56391420C53Be365a8447A0bB594475D05D9a,1
0x16ba7f8cF33Fa8049c37A3A46ed39Fc4B452F841,0
0x7029f2425059Cdee005fDFB1132B8A2F8Ff502BF,1
0x608918a905b5E9BF854B3e4ab1012993109eBD05,3
0xa0b50941d3FAB52AB1055FCC9EB513717eCed5fC,1
0xCaCDE839533fa27ED28636D2d3F669a2EBb58aa3,0
0x73c1794228D9a03A28778F5D650994a1bC1Afa24,0
0x4A1eeee0b88def9c4B3BB6Ae3c03e42712898b9B,1
0xa7655C90bffcDa000cEB9c4B6de132f02Bc32071,1
0xf3957E8a24C66516D0082695Cf7ea442009c7138,0
0x6F030B74371167d3B71CF3214E749B0d1814C049,2
0xa83183117230bf2067b27Bf9C2A16387D29CD72C,1
0xc1BDA4D74c9021bc2051a8dF2A126E4F23938e84,2
0x2c0241355CAefF2Bc4816c9777A4163e3EB69ab3,1
0xbb9c04A2Fd6898cE450e9B8524491785543e1Ee1,1
0x3186D43Fe9b69500525A12dC5914dB1bC5508B45,1
0x7d3161719c57f5C858eC11Dbd2062FD90c1E0Db2,0
0x75A3F82dB60e5c487F23a6F8F5659B7a4FB65230,0
0x3cE656cEb943e8D2CCFcC3A07Ad3376C8a510ec6,1
0x33cc867Bfd620c8c5A641FEFeF49b9084dB8360C,1
0xAEa9D3814D5F1E8F3259B696b38F298478aaDe77,2
0x4D61D05e92Fc7567F6DFdE834742b97a604b4782,1
0x5bd3498dFCC38715918429D8E16cf294a76F61F8,1
0x1A6bD6C2f89fb989fE3fE0AcC192FeA43B23B611,3
0xDFF9d7ECAA23242632884220ab7b4C1c8401A391,4
0xeB3191d54f0492c6886176FbDccAf8a579A0ee60,1
0xEAc11C7D8b00a0a7b94a3cCbc93340173e7a4c73,1
0xF1aA527781A1aae3ff32F75f97A1194bceA16FA8,2
0x43b36027b4a09129be596A65F9D2a8286e9d4413,1
0x5bc5053cF2843e8C87F6C06c0555c3d857C579Bc,2
0x588fC4bD3Bf748cDae313d2d37861bF2b0E6F2bd,2
0x3fc537a4743c2bC5218Da80928BC24c6A3d9D70e,1
0x7D9F50C179460688d4E0e818223AA84152a4ED5F,1
0x9ab82B12526Fd8E7f016264EAdF70DDE1Cb48CAf,1
0x55768108F64d2CaDDC77e8c8f8094C88D3e4967a,2
0xD807dcF604179bCD34a2CFE23b4F433379D42Dcc,1
0xeCabB8c0bcB00295d413bA4194f92c19a4f6B40A,1
0xaCc3eB82EF010D202a26af46496e328a385a6a3a,1
0x7d1aAC968A68A0DEf0274F1F5D14977Da1f0BDa0,0
0xE99d2F668AdD6cAb55E70872B87d1808D5457B35,2
0x0c3F0759D3F50c9CA96794e2B3da28EF487a1E9e,1
0x80daE65AaB0c4AF49CA42Fb8AD2069ef997BDdAF,1
0xD58d0d7099A009a72652E6Ae6AF7b6eafb32c3c4,1
0x6af5CAA9ab4772f5088801cfE0517A3dfEF5eAfB,1
0xD16d663d1023F33ccdFF20716DD2F33800da3abd,2
0xDeEBa212B56427Ddbd2d2a1c74d49Aa75CbcCBBE,3
0x48f6863A9B1E8EB344347Ab092c26f4285aB9F13,1
0x68023f2BA5cd0d9e799F100dA55Fb6998adB834F,2
0xCFcEaEC714928f11A090e2810D8022dF3f31Bdf3,2
0x645fC47FD68C8a0D3bD67675fa6b1FbB3b145116,2
0xCDFAc7de304595a91fb77563fadeab720ca96228,2
0x416afE1B8C9440dAcfcfa68F3fB0Bb6e6cE9529C,2
0xba2d4852c49aA6cEa244BAe8cacA79A5A78BD171,1
0x35e989AbDC263c1BEEdd64482E404153D46261b1,1
0xc13CBc477B55519F5b43dC5A0bb6Bb83a43fD6c0,0
0x52cE62a6a0415b2F50ec3A10Ad3d0F02B228a6Ca,9
0x757eAD883bcF9bd3D6503a735B8dec2c1ae99E35,0
0x6A6AD6708d78Dce384e355ddb5580f55f2908e1f,0
0xc1E59c5F2db9c30EE6f4D5135ae4D70BA7514Dbd,1
0x2aed30af64d9af25115b984e95c3e67906009948,0
0x8eff3529eac8c1a7b28cbe8e9ee42cc3995029f3,0
0x532827f3156dc8CC2B1461F9992Eae34Cb7E3481,2
0xfce009b57275b1668d0c81c205f394b3455d9227,0
0xa92DA4238de2cEE0D5B7F4568f13390b91EDaC16,1
0xDdC6aC167990d4aeb2e1f60dFfBDeee6ca858859,1
0xB524Bcd95bA7967E55F81bdD8632364DE17A81A3,1
0x35DCD7055D7586E1C6d67307EefDADDdc194f000,7
0x34db8A664bC02691848f0208174c1fEB14b6327b,1
0xd91Db12F70151181865A2Ca3615054772206d87B,1
0x4A5F74355ae11fB7227FD51653CDe9413459f9a3,0
0x767E744652E92a470189EcEfb1A81354fe09f2A7,1
0xa18946f58Ee206Bea1a9bbC553C2A268dC240565,3
0x92ffb1510c303CB8C93a49Cd2571184dd1e793ea,0
0x5CD4c87055d7C218D3a1707091bFe504099E359b,1
0x0C8c73a772D9a2d05B6fDdD6F22A9e1268B75a81,1
0x32b25eeea89837cC0cEd60579Ee447a390362084,1
0xfda0E9f54E28d613A8d6638217182B6Aaa6149D0,2
0x5c2b6fd3B98B6AcFe8536C549c1b9CfcC440F04F,1
0x7Db3e8A14c8ae2C3D942391A7EfdBb95F980Ec51,2
0x8C3Edee8391C00Da5AfFded995C6AA3993893a27,2
0x93905D224e3B3096FDF951dD66737453e46cAf69,1
0xc175aA8896193683c0Ea19234b8c564570A64C44,3
0x2E87F78F170cAA0Cadb4966C75A6891ad8Aa2bCD,1
0x2B084b21Af2Cb0699CD47768111F57EF63344d93,2
0xa12AB984ddcC39928413b165141930c63503C2AB,1
0xa9af034eE5dE64494Dfcffee9478C9a455d799eb,1
0x0000006616620615198f612C9022424DF919dB98,0
0xa7dE072cd500CBbBdcd769B6299178fF5d1cc73D,1
0x6c254c9cd86FAdb26a2d306327a48811fF44aDEB,1
0x1681f6dab7Cf97F3434908dF9d05Eb7895Ad3E53,3
0xFDc12F9EAA5f8422d9f3A850FE52549A12D25152,2
0x2824d37376E4155a17807A8c456d2D2ea4c0F2dC,1
0xC5a30D68438107e59d0cA11f9d69882f2f9d36b4,1
0x320F879A382E410D3361fff2F8ffdC149ABFD6aa,1
0xB4DdE601f40DB20892129d4558FbfA7219f46E98,1
0x9B8aD69c3B2e8Bdb69d3bA3A52c8a1f231CD9555,0
0x62397cdcD774288Edb5fDC22fE05F8625Ea7B64C,2
0x1A69a0bC9DE639Fc51aA0019e449cc458db24d52,0
0x3c8964577a36C5Ad41Ab4B1DF60dD066a83F39EE,1
0x87862401581f4Bd9fb6AD65AFa67C8764E43841f,1
0x6De4d67a50e17eaBaa19B0fbFA45940C75dc59e1,0
0xfA9B43992F555db52a04Be5F480126ddFa2c5F7C,1
0x59083A91dDa7488daDc00a240e18b1e1DD601d77,1
0x120872918d89Af84920991A9B72e837609a90c1F,3
0x9500ADD195f097C6ba64bCaa45f46dB1C07027cD,1
0xC5bC13229069f446809cB6CD50386Da944B4a0cD,2
0x93468D494EFce2f32e63Ea7478d93bD434806d82,1
0x5b926Ac13fcE27842Ac28702967ffbdA5062beDe,1
0x08B1C95bA4aE066658c35099f75F623D0ec44b77,1
0x614AC9f86A11071F87f98B2bd5D9241Bf6688523,2
0x1EA61831455A712DbE5288DA9493f204F47EF34E,2
0xffF0fFa239399d014D026Ce821425d0b7f04abCB,1
0x866B70f3D3b59e0614d4F99f647387Df7c092Ef6,2
0x4577E7a866504d229B8C94F89Cf40af4597Cf8b7,1
0x347feE8CF51D8F86a93CC0A9976e9613c03ae34c,2
0x9C06764c1170E49620b2e77938Cf3B8D15C93193,0
0x32cC8E176e4A65cEC4e4c50fB2e72D9C022e76e5,1
0xC8006485faeBF41CDdc3eF5A3a9E20BfCF34Fe07,2
0x5449746138CC396d9D613551fd1627bb9A0B9CF5,0
0xF445900BF4d1854d9f0375412547E1a8f22b2E15,2
0x2e68aE775e66C3e70D13fEB43B0676a3bA701000,1
0xD48e9a05fd9d166aB4e6250bDc923ACa3321dB59,1
0xe9169beff7f5790fd137d8f712c3a7a36ced9aaa,0
0xaC570468EE4b465e2F4D1664A34c589060bae94C,2
0xE0D3dC4Ad4d4974084BcC108Eb4292D6113EdC45,5
0xC3c2C4b4aeFe5de22DCD38Fd4741a607bC3b0b02,1
0x26222b3405e4D90E7CaeA583F3200Db1C9d1aee0,2
0xbffE150BDeB368d237945C02b73c3Adb6f5F37aB,3
0x9f239Bb04fD3A587F8E855F3e939315499eb711a,1
0xD7857f49D8D4775521A1bafc8cc2DFe1fEA8c8ab,2
0x7EE485BdB7AAf043546711385906C04F867473c4,1
0xB56680Ee94cda7B261C12cf24c6d73894D72B440,1
0x0D44C4D0AC72e4f2C07C423D138A04D00c66f42C,0
0x1DAa51De417A5917E024DD6B4BE8146F90A9c730,1
0x1Fa485c6dB52Fc2aF1064bdb93B7b8EE1AD78728,3
0x2ff67205E622Ae18771e7A2f419B7464D09bc8a3,1
0xABd67e1A9F4E0bDd4d01333bd0620CE0DF229646,2
0x2fdee3aFe53B025B836f80ab9f00000724621018,0
0x96D997A03ca98EbA24E697A45Ba7e010bc1732A1,1
0x9f8a742dc470653E186Ecd00a303ed29a8B9cF7a,1
0xcA9c66984A3a2346dFCF2bbDF1b584942a0ba06b,0
0x6bF0d446a60b83EA424331406673C91B26Efb7B0,2
0xc814cB6dde59e9e4fe5F5041f2819d97aB68029F,1
0x95C61EcEd16620fA1204BC6B20cF24cb65795CE9,4
0xDdE4bcb59DD5a1374152C8645083d0F62F0F0a4E,0
0xE655fb6c45279a53486DDD287Fc844071a2bde12,3
0xC03D7B21179Dfe7d9b0737E15A10185A575028B4,2
0x7C70A85bA7A6995149d53A2C0986fCaFaA662cCf,2
0xDF83aD9559cB6a3f783eEE7b347a811929FB3353,2
0xc35855715D74171cD0cD1f05dE8Af84edec04294,0
0x862BE41D0978CDc9F1DDB428B3FC05c84a938AEA,2
0xD28E49Df5A029bdF1f74E0F2e23998b99BeCE5E4,1
0x4A1718FF2AfBeF4F59e469b49E6242BaD0b407D3,2
0x8BC62c0fD236e600dB725c414bA220Ee30008926,5
0x829BBC1F94eE2fA7856e17Bb7aB2B8FdA6F3BD53,4
0xB49b057cCBFc9911A0A4A78160267726a9E4eEbc,1
0x976639B03Ab4972282FE116A25F08Ef40f3c62e9,2
0xecCF08DB51b0a9278a1b1a24e003126aDa5d50B1,1
0x0093312B831CC2194265513B0A5A0cabc56Ca2d1,1
0x3eB0e84160c71a24C27024b723670E38c9a55Df7,1
0x7C8f16F9b121c5C630b7338E511B20faEE4CC1fd,3
0xbF9D9212b044050a997a37b15346f09Fb755Ef92,1
0xf3B596A7c11BCC90C6D6Fc64B0e68CBc9e86890A,6
0xa12be90a91F97c50B9d15188a4f8aA4f78d2D40C,0
0x55DF03AA2b744eBBbDE5CDdd56A947eF28A6B1C8,1
0xa2716C53C8867FC53e99AE6CaAEfa3932036E7af,2
0x20a970a0036a7F1f56007e4BEF0D3dBFB6568Ec1,1
0xfd6cec59a65f67AF739eb3191C4793C342E688ee,1
0x433E0A80dd6AF41A90F8591c4eD12B0B1631de7d,1
0x780432f6fB1fd063502D32515b7Cf62262cA7C3A,0
0xF16552AAa290f6AB7ac00564535e658BfB78F3C2,1
0xa3AC6676b127B8d685A49f826e455fA1CCA78F9E,2
0x9cBcD0075Ce29538e9114e1bF7E97d02424976Ef,1
0x23aA5bEa0F1D60D9Cd167f8370A27A21BECa3560,1
0x503bBc63f67bCF9072Ec04CC98fa46F98e8C527D,0
0x10a7Cd8302f16d04339A5773b95c9b65f86577E9,3
0x078E4e1507d0d52987C6f7f5c6804C045100922D,1
0x8145efECfc8D5Abd41CA004Ea25c386598efdE3A,1
0x533eFC974783eBa97Ab41f325D97cb4bfAB2bA06,2
0x95bd4927cBb500EeF7C075f12E3Aa649D03e7727,1
0x94969812a2Da7FCDFd107b86c1Daa206a116C40B,1
0x9Aee9472A9A3e1Ad31c57bd4c70061796ca2aFED,0
0x4624Db38Ee5ac89AA3d29B21C7838829c171fe40,1
0xb6DFC0Ca609823d4a8F74aB3bCf1C2bbf47C0783,1
0xDe5348Bf7239fe990cf4eFCd4a442fa51281ce5E,1
0x5DC580f53f88be2b9BF4580D7e0Def9ecE1fa83a,1
0xFD3076bfbE6Dd52C0e762Bed58125DAa9440dBd9,1
0xEf82747942793097801be768AD8a61193B7A90D4,1
0xEBe39540fed54cAfdf17C8B2F858D90DC242fBAE,1
0x2025632f28CD77A2Ab7360c23e6d2ae5103E1622,2
0xC216a501F1BCCC1Ecf25A785635b44e9EF1cB42a,1
0x440aF1B7BE0e5948F6700f22F42B6a62E39215aE,7
0xf7488050F0349Cf8EA9573Bc13D002ba23878EDf,0
0xCdbE1F7B4Da31B9F4B8Ae020d960911f93265105,1
0x5Be9412B5bE5938B8301BB88b9ca55e1D52983cD,1
0x097D9E0BACCb7F5A64aA05462cf6A30f3E4217c8,2
0x191C68C33B3f0A8a722179D523C34b49006370F8,1
0x9D537fD288B95d915a8E4188538d37E4e63aE5D5,2
0xC0B8CBAB9ACBF10E6e2Be92403c5e78Af34c5314,0
0x40100C746a7a5ae6E19C5Ce6f1Dcdd2A5250E56e,1
0x42836558c6dc0893C35BC8cb12884ad0b26F5c4A,1
0x80ABc58A471Ee4923bB57C1A83257FCa7735c278,4
0x6f99D20127dbe42d7CDaDb5c5403eCc03E095cB6,1
0xCf4f27A00e789B7919C4ad61C03c796794908962,0
0x466937eCe2Fe500926f472284d2389510811481e,1
0x3F727E7144091d894feA98A2EF2CE7BcDDFCF5Bd,1
0xeD9Bcb4692f2FE1d1FaB9929Da2dAd48647Fc041,0
0x322e175b062Ecf40BB3b243828615B355fCF5aC2,2
0x19BdFD38107135e44ccd4acc6FC7bD145C1434C3,1
0xAF3d4Af03B4AbD18738c39b5930f24C3e73fbec3,1
0x892185f3a2BEd64b2F2e386B8feB2F1A4E8cB90E,1
0x3eF8d96296eabA6E1DB6314675cC3eFf8667F7f7,5
0xc5dCa9Fd5919F92bf8767E9409936400433D235f,0
0x677af891C34FDa72c5dD9387897444d584bA6d20,3
0x1EA23E0F5934297e1486F6BBc3BaEb36623f114e,1
0x20cBA7A75772bea80FD772517323FfaE13C216b2,0
0x7B37044cFA2fa3B11FaD6b91Dc5d41Eff5140492,1
0xC27dC8B09058141Fd03BD2e986422eCbD51B8732,1
0x50c86AEd5C1fB2222CAc09853188a524fbbb635f,1
0x0000009688d8195c8cDDcb2983304B53c8f6AF84,3
0x819FD43757bAC2a84Ff9fBCA210E9E1cF540C702,0
0x481838d8abbc01135A3857920e9d77264581AF5B,7
0x8DE4d889bE4F2CC67Baa257fcd59bdb7B5cFE538,1
0xd7938A2735f2b6Ba6687b9356F9681e7E3DE6dcb,2
0x4c9c3DFC457e4a8FE6C2d68C5617fBA13Cdad5E0,2
0xA149c69cC76299A5d083f8a046bAb561B0FE93Bf,1
0xB3021737A38982013050FdE8bA658490Cf0Ce324,1
0x8855a9e18597063aEA1Bf0223E571F511e19D1E3,2
0x4357e508Ba67C0f6986F11149d72c5c8c4C5FCFc,1
0xd6D181Ba940794cA7f4b636a7c54b4973f9ED3c7,1
0x3580175ea69D103149f50E54F8da58005e997f15,2
0x1960BA4fB4c07B921Dd1C8645a2882bF175d58E5,1
0xFB4b3b8396D6e3D774cB1C54fb5E8cd098fd3897,1
0xBDba2F329660e1782cA2487c59859bcF50983D2E,0
0x205A3734249d28eDe2CC4B7b77824993d1864aa7,2
0xD589848435bB21c2c43036d632604De2522D2d74,1
0xd62100A1Aadd162eF41FB4c4725DEC5f812a44F5,1
0x4D217DC1CDa85F4C044A0314Cf1BeB0B0CBC3189,2
0xd3c942BccB5Fe8d3EB49774Cb0e16871b6d38048,1
0x4148041c190526281EDf95A7D2844799a03E4c30,2
0xa6EE6EC2905220b745074Ca4892298B0efc75775,0
0x4633b43990b41B57b3678c6F3Ac35bA75C3D8436,0
0x5B0aff138A3d8b2B4AFc9bc99C28B685609e90BC,1
0x1D0373658D0f2322eC1286193C1f4Ee3cAe10008,1
0xC9480B6fB694A954F0D18A46b79C550EEd1C8A10,0
0xd60Eb228797132aa95fc30F2a0b7C55FB8fc7CAb,1
0xF85fd8F70e7cbc6ca00073891FAc482DA147B502,1
0x97b102e00d88F02DEBfD6b1e4B901Dd6931bB982,1
0x006b236f3336344DD22AfCB50B613F263e954F8F,0
0xa0b1c0c46dD8956e9a920Ee36DD3D84852a9aFEB,1
0x094Aae9DDB1a01E9d53AFf5F1e59593c4160eB8C,1
0xC7F3973a11C016E68fC59a2975DfB04df77bF6C0,1
0x75fc06bBED4B2BBe5077cCDd51115474C25AD1Df,1
0x8f2e355BF21D3F0af66E97f459563291D99C714c,3
0xa093Fd7eD5db7d137259131F0154b91f7076C99D,0
0x017d6f0B50BD6da225f59cAB7880eAE79fd4dDE2,0
0x250B274c0F55E67294Ca05642b899E7aa1A765c2,1
0xb84f309d2f0776850Fb3EEB3E8D9c5ECFE11eF0a,1
0x3A14cA46c6c1A5cD3917e016bbe8373263deb0da,1
0x698a60110a3522E95aB0c6421FEef787Fe30fC09,0
0xBb7f13bB2E444F5574589F2AD649DA85446E3348,4
0x39De1340Fe0946F1C7327b477542b728e523516C,2
0x9B0C95f95B1463D4C7be9FB62a179f21aE36D1eF,1
0x35279CF405E0df2a3D7076c3E0B99797d9fe6375,0
0xE533F7Dd6a9e5177134eB44a4f2Bd9Cd7491b264,1
0x76E7a173b7B8D6895C2fc8bDeAF73D86eC318b54,1
0x186F1CA39F9E2Bcd8ECDC24DF0b7D42853fb999F,0
0x1979b85282810E31BE08294297C91ab9CdE6e54c,2
0x36f85e0Bf127CE68F36ab1b0aC9bB2f7788f887c,1
0x3B6C7461e96912A27616B47F66b13c4ac9751f67,2
0xFE8dF65BD1344f289C3e9aD4e47f026476C07e9a,1
0x1f3dc84496B4f92d99DE0aff54Bb5ec84f15ce1D,1
0xEA94e8832CADd3c2DA4ccbE78C5f889dA2782Ae0,1
0x0C8e1Fe0D3981120765d703461dC5300eb448a1a,1
0xE3c0627817532737CaFd8fc9F63C32b56B3D3b54,0
0xe7A9aaC72aFE323490aED673B9485373a1f12263,2
0x6320EfbD81E353E016e4973A197f851bE0B5e9C6,2
0xaAaC44272Fa1bd6390aB6bAA4fec323c6C92af84,2
0xFf02EaFca5b93E63699f70bB203D8da6785eceDA,0
0x9Ffe8BF12437D30dC0BB321EE9Ad76b488F664FB,2
0xF83b34cB82e574eDeC4058B382c90EA54A72Fa47,0
0xfFe27c06eA14257Ba22BDEC88E7f8a1f10AcD00a,3
0x28b8A9aC47E3E43e3A0872028476ef898055871C,1
0x6359E4Cc0f5fa03Dd290e70D6243AFE43019f607,1
0x076EC3d0F2698665f7766a2819e3f697E1e84CF0,2
0xCABF9AC3B9bc28c7385611bC3a65fC369C142B45,2
0x375F121Efb6Ba714008056Ca48c7fcF375F3b883,1
0xcEcdf4ffB7bC6BC1719B65dE47fE5B9Ac3730f7A,2
0x27DA873Ec0af6bc3e61921952edd9e787f4754cE,0
0x62065d7cf69F0022292272F24b2cE1B012D44767,1
0xE8ABE1CEa9FB412f60E120e0dE65a8C4a8c6590F,3
0x930293d822476b47dFA0a6237ab66c28Db35B565,2
0x7f14288899A1AAeB21058c7EC06fB39D9A08C538,3
0x617e63DE58531eFE11a8749384B32Df55144f4f3,0
0x15977e8926B0449CF7e0943596dBD27cdB2058B7,2
0x625157014F943DA8b8D08C2416DADdcA91795365,1
0x909Da79f424Cb3FDa5D2BE0462991A8c48f34204,1
0x4cc7Ea3889364099F0462A4Bb2ef8Fa5F9d1ffD0,1
0x31a86542A9e8E3a17c4b2280cd021F45ea65B48C,1
0xA7d2CeeAEc5d2b0048A83430Dc91e0D7088D61B7,11
0x96ECD100EF335618F6895838Fc8C276ACA897263,0
0xFd079393609b50a07C46A4F58daA097b883875Fe,4
0xc964Fd0018d1D41BB2ce2Ee64A5B1539D02aC742,2
0x32D072992Ee247295013098E3eE92aB422225446,1
0x3E3dd5bC37429ADc85F829b9CF2cD5cd8040f42a,1
0xB6Ebe9453a42315a54e3184cd59B70A4924c1064,1
0x6c8d50DF1cc0595a99a6D68DE6ca7CFdF01FCe59,1
0xa4C46F5a2CF2C37c18AECA4838a5EbB4394b491b,0
0xED5f316edC2399A708B27059052243Ec1BaE7B05,0
0x3812cC115E32A7A1C67f36607a28F915134A595E,0
0xDC8Aed277FA58cC54ACC1960c93bEFC00BB4fcee,1
0x3ecB6E45D0Bf2C738fCB1b0fA983c8605839E73f,1
0xde4aB372e252081205E3798F64bFf881830bb405,0
0x3C6256D72A8Ad3E4419aeA6843d54f0C74265F51,1
0x2E36cdDCC56d95FB8561Db492B923d5f69633d96,2
0xE99318C62f650a4f38827e6431DCDCF21624e355,1
0x7bd0cb71438c8e0a407DD70f0B16B9f5378c9aDB,1
0xD96bE8041C17371222B37a983e18039D214Fcd48,2
0xEA45397E4Cf07748DCe8319dc0A589266a0BcE51,2
0x00B7AB3ce0c85Ad0E477948335C3f6E0f6907832,2
0x3C689E7e9e8a083D884eC761F8346c8ed8Ed1b2A,1
0xD7b41bf20680B5C8B5E70e9ad98253C60A860E77,1
0x9A2D3e27E8654aFCeA20c558784e9FCa5864a3cF,1
0x9E93a27e7f5C62E2e31477d27ce2f9F3443a4AeC,1
0x64b307B8Cb237dB39CC77D8ea01df8d38BFa375a,1
0xD82d6E4Ff3FE44ECdb4830E1E47D9b36390C3F28,1
0xc59F4Af199e1558741A195AcfDd622673ef01033,2
0x114f7088Bb5fd18b2bD5c4b6EA7fE6980ca4887D,2
0x0d2DE1d6171c2a4fd853F1a9e4fda340d9D16EC0,1
0x38f281220dc0168484DA7090Cc4b93DdE30bF3c6,1
0x1768c681670246E82B2c80180357B1f785D0E444,1
0xa0D38F9Fa90A30fb37bbaF543f0366748374FeB3,1
0x40bbd3cEbA4cC4163Fa6A942D4F3A8ACE49Ec287,1
0xbf8ad9e2dC578d142c879b4aF57CF949113731b8,1
0xD554D2Bb67bE576913c5B8b0155aE1e2D6C5A496,2
0x88398cdC25494Fc40C85a827C5BcAD792e975f4f,1
0x39848200723329a62357E9a7D5f117163E4ca202,1
0xBf89a0876a1f9D9D6709B1fc5620c4F5964BD5E6,1
0x25539D58ef2b3b9BB45B4f2e6ec83CB479c72E6C,1
0xe67693f1F17276ffa010a6d4462f5A0057c6F44e,0
0x29357579725037096264A66d04b0Fb43d0319D67,2
0x8a846b432524aa3aBCeaDD51ce3C3613173646C7,0
0x05aD89298B3D170C7EE7033BE737e7aF49375382,1
0x8cc92c784f5349989EE356BA8A318017bBD7EfA5,1
0x95871a7Fe155C5AA10AbCbB72CA5589f05E15A95,1
0x32bE9d24416FadD68a0a0a62362c2BB9F65C8c61,2
0x4af178f38F02F57144e23949d502CB510E721bd4,3
0x2681B9813be4c7B47f9146D814C8dBC751DcB61d,1
0x3DF3C41E79c80aAF7613e70DC95C56570956c3fE,3
0xbed4AB3e3Cc81abCc01c4ef21835cc3C4479B6B5,1
0x61cCDCd55A5eDfd4138472a8a3acC9DdbAfB399d,1
0xf20E9CA7b4e1Bf10D13FD975ccF5bb048973920d,1
0xA9B5E8F99106adfbA8E199159915eA8a74A56795,0
0x612859653ec8a9531DDF1F4d02592B8134A31C07,2
0x54229fA8e708F2591F34eA6000e10bA734c271Bc,1
0xaCb7011cA63D440a48bf89eF7EaCA711E55DB0c3,1
0x116bE737d42F5b69B9A14f4C39abe5Ad7CC7F2D0,2
0x258B3859Bd1ec183E1CB0d124590894a0DCf85a4,2
0xCdDAbBFd3b854050dF48836B01074Ac3b32E9F93,1
0x211F10DA35f42A85f7c328b7552664AB10E3A955,1
0x4ADB070e79162BDBC0e0883b94a1145d693765ec,2
0x300eF07d0f4bA297C9613Ddca5367CF1c91d73CD,0
0xf3E881f122B1de80C18d1bb720710CF17c0815Ab,1
0xFCcfa9Bb84FE34dAbF8b24cAFf7b00f2Eb343A14,2
0xd59FAe6713885Faf454794BEfA1614c14d2F8ad3,0
0x4edc30792623c82b02d9ce770ba9b32ea68f4244,1
0x7AbFeAe76f846f96e6c0715b121E9b7896452c7B,0
0xe096e31474c0fE685c3196253A5C07fD8c487CBF,1
0xef9dd9DcBDF2D3f7a1607C3c458363e9e2a914Dc,2
0x51ab5903289f50565f8c86Ff130Ef97470F31907,1
0xCBD64DAcb8795136A35ae4B040B8D80c6c078a71,3
0xe74be05437a817E862c16D72Ed2457dcb299c7EF,1
0x5770dE9f2ca099B15bbFc521693a5CF6717df9F8,0
0x0fDc350737579992aC243126bD4feF38c2AE44F4,1
0x19c39f0C7F2eA473eC36FA0755a469fD9b92CD7e,1
0xeAc3Cb089bC26f914a31dd19917A8c773D2A730a,1
0xc83a41450DDF5150CBB2505711936fBF16D88bC7,1
0xb50750d6320C340789e328Fa871532Ca41E99822,2
0x018b5477cf1abd1aa80c15b70284B6c692F75DD0,3
0xd69272120b78E24560C0aF8F68424D0052b78f7d,1
0x8D129BE72505Affa1955bbc6640e28362d3f8441,0
0x17d3Db18353DDcAf4E8d1E70f769d84844cF3708,1
0xd197084Cb7E457BA651249070D975444bE325837,1
0x33EA1971C72eB3A2EcBe3E2048a3Fc1E07fB5CdA,1
0x3B25075Da630e8fD4b9f8FBd52648457541f61fd,1
0xAabc27E48d8A998DF91FDd009aa3C6d16Dba2069,2
0x6CEd926bfB22A6C1AEaD814F1D52f10821c4FBF4,1
0x042767c70b1dfe317CDB6Ee6DBbDc86aC15082A0,0
0x95A221bF3b8f251739Dc58EE186B81d850C09379,2
0x17CD78Cd7d77F7bfe1F489858d1C221a244290Da,2
0x160718737fBc654A15668EC3e5c4ECD1dEdcD359,2
0xbf8165c59d284D24E8301018Dca0c47a8B399E02,1
0x741062d8DEaF764aa1c295b7Acf1eFF49de2dFEF,1
0xcfa388f71Ecd6214800D7BF222F8cF74499930b9,1
0x797b1563Cf3B21aD513e3a8641a483e49462eDD7,1
0x4Ab9e3f0Eadac898c2A7892d75f8BBd265e1F746,2
0xDe526c9Dfe977Ab664c336ad125DE86C2229cB1c,1
0x3037C525A63701472278A9c38f819244991D8e89,1
0xC9E1399E2A355fc8F44a2d1BA4348c52973B2f05,1
0x97ECa32194cBb4DFe487305FE02fCe657fd4e3b0,1
0xF572144E3f5f5D63Ba86E935c7737f0Ea4512Eb6,1
0xe34907B69750f9d8b935774C498771DB67c50862,2
0x0b72f3372d8CD7FE9D9b20DCB91e6Ce9DC9f2a0C,1
0x582A3Ea00Bc4a2cd46966CB780B6aB2549d39FcA,0
0x3E2CB654d1F6e6854bD351F80C96932Bd921456b,1
0xA6EB6860Dcdb265A5c3C278C3dB6C59dDf0f5250,0
0x595D420A5e2cED1Cbda1D45B4b0E0D2448713b01,0
0xeDC6F7F27E5768FE665685b77ACa3A4325EA5D3D,1
0x9Cb6AD3a8D141DA20d9C0345614DBfc4dF7E5cbe,0
0x2426e6105e43D3a1e9c45D4AD13f27a33796a700,1
0xde35a36cD873d3a781C4dCF46f962EDe3f7F8e0f,1
0xe71fba00145d2b1bBd8De102050AC38c25a219b9,1
0x9A6C28f898efeC369dFe6461C06b4CCE83069D38,0
0xB0cAF54e356E4aaf24972CCFA5DFE62B5BC6Ff21,0
0x72aB1f41fB3327B09943Ab2e21607D62A46B54Ca,1
0x933268B0A55382e2FDDD4bD78424e650B72ab893,2
0x71871DfC42d6490A79dF22411fb1b3c8C2a50aEC,2
0xcF394D3A33F0805eb9F193ba4696B2850b314eB2,2
0x3Ec8a187dE00763F8BF5760dA0Aeb3A296bD7Ef6,2
0x62D6d3Cd2fD73956b1B6992b6164F1dEa79d9c1B,1
0xBB57Fb72D11af695B18A17769b7a4c879B5991d3,0
0x980A07160Cbcb3396605692C6FbF98DeCEC436f5,0
0xf1972E57f7a003b26f14dd44f00Af72F28942313,0
0x8383eb9468310dfB33A022C90d903253D593B98A,2
0x9df7033D1F425e6aE07eDfF409d9702777C57B87,2
0x145EB5d18136bD12Fc8278e77fFda59D19B1f021,1
0x930C41575FcFaE432Bffb797f0f528445FDD54bb,0
0x5A156D7c7415E70F9412F3BF9e0e91f0B73438a6,1
0x4b99d9884918FF66C442e6eFDaf1F7265c11741c,1
0xaadD7A02f4AA7fc6c8c991955a1047CC4C057fd8,1
0xe468E11E094CF2F6696Ae122a0caC80447C83359,2
0xC3655C17e3daA0d1671FFB4628f8F1eEd9f61f1a,1
0x5e4e151189BCee33355daB8F6c47885F5a92DF84,0
0x007eAb1F37aEcd3c235aBD613BB3F592B2D9B1C7,1
0x46F0D9A9f507b8dFb90d98bAdCE8824c14223427,1
0xA23fa78Ce7D96A8ab1fca6c5E3b00aF4Cf808419,1
0x5F7905826E5b8D93C558A7f600A47fbaC1F7cB02,1
0x759A89853Fef91EC53e543720716441D4C89ABcc,1
0x061ed8C4D07aa847013a21693Eb49c3259c7742f,1
0xfB50e1ccd44aBafa5f8588f53c25eb15aFA95128,2
0x311d85DA0c2F2b685aae66a7Ff54bF8Ee9C8277A,1
0xDA55c0adB22938399a9EEAd12B321F06AE52596c,1
0x8C2357F19a070C747616Ed9e112ba74618745DeD,1
0x60aBcfC04b73f8BE2bD7DB4a40a9170AdD6b8370,1
0xf3Beaa390cb40a524D8Ed0645d1D0D3BBA056AbF,0
0x73E29C458515ED31406BbFb29C3C99406ec2253e,1
0xD44E5f8138d138E56190a0BA4f12757EB43Ec033,1
0xf765771bA443Dc2DFb2d7DCC9FbE3fd0a0689F87,2
0xaa35FF3aC94b4b503E1b5E9896f0BDBEA2a6023B,2
0x3b5E1513d390C139FF8dF34b4B8174fC1Cac9968,1
0xf086D9824e734F62Ee3Eb7aCF4cAFeEF10a189B3,1
0x6c38b96cd47D951AA158f9F2A8c3e8e14bCcdD5A,1
0x03E3dC20206B2A4DDf34b313D90F913825C286e4,1
0x5875c637f1D4F376b1E30A3c920506D46e57C108,0
0xa055Ba399bbE6c1AEBA2D39D8C5727B3Ce117eAc,0
0x1068413Ba3cf66C1C3e5df588f5C64A7BC5FeF8f,2
0x35117ce3354c4c60770E5482D0C087BE33E287e6,1
0xAb3655820b38f4E6464Ec0c9211b6bCC237667De,1
0x430A27a4E419966111C320CC5a558893A38988c6,0
0xf9105E75a5c1E415Bbf2323C23257e356698d3C0,0
0x4BBF51d66488360A956eFB4A885337F99cFB6aF0,0
0x87A3C0ded12f9053e25E2c1eC747B07658DC6db4,0
0x84d1374060D81768D660Df4e72C16968e5fE9eaF,2
0x6c749683f2db7E6a86866793D1ED189d211e4A56,2
0x1380389a20443F9c57CFBc6820c0c2Dbb872Aa63,0
0x3eD216AAAaDDB6d640917d037f23C81A235C4E55,2
0x9D4110544822fDA823e4908CfC7008372048aF25,0
0xC32aF97e54Adec52C880210D3d80D3BD928dC71e,2
0x5894d37f9b68CBd449D2F47ae56fc1290CD1cf6E,2
0x1F2b0c8127C0dB7b6731e17BE25EB55f3Ab648fd,2
0x3648F3e0e448c79339cc93b45B96bB3ed4cB704F,0
0x5914E6272e5BBfFA6A072B117BF975093e0778DA,2
0x5Ce963cd8fb8DBF17c6BF823f7e9186f7b7649be,2
0xeE9B1529d91bb35e67B0c1Ca66E990f6c27bE1af,1
0xBbc5931BF09edC7Ef5B2e8DfBe9CD300F4B15A5c,0
0x4bB47C17e1AC16956D06E66C62EB143C351eb2CE,1
0xc794019cc8683e8cf5003cCa9a5ED3700099f31D,2
0xC64751bb06E24389ce3e1A9Cc6df2F3276577c76,1
0xCE35c5197632F8608EC85de7634C7B22B14bB839,2
0x686450e191ED22B2aeb6a02493FD7C8bA7423A59,2
0xab84864845db4a8bc4d4ae11d22c50b5f57e97aa,0
0xc855Bea3906621967b3AA48633cdb2A5E9E22826,2
0xBa342A723962E8D24218f25C4B3712BF883782C3,1
0x1B8b84363Cd0ad50D4704Ca91A49563e688fEEd2,2
0xC690E36036B7Be90d637C0d39e8EA944BD6FcA7D,0
0x65ef4F3a008E3951e609b8C0e5ECC384cE6375CE,1
0xF3B2F3914e2bcEf8850a83d06B58f8AAFe5A0790,0
0xb73459819fFcFE7d49cfCb90e392F15cE1CAF722,2
0x5b0e8221d82c842e4c6ddFD78A03A170aE15c867,0
0x7eC61c7AF494D9342C1e2Bb3FD0B7fdd68BA12DA,2
0x8B444977E897916E55d6b7bfA8c0A68FCd0a038C,2
0x74378d53F653f588700A8CFa0B81F2F3dECbEc66,1
0x9103c02Dcb6b9FD5529ED63B2920E87BD270ea79,1
0x8fa5006D6EAe6cDBc8c29F30874D140425909cBd,1
0xD11766ce81a5a4eAB7104C4c2Fdaac4619E47A20,0
0xc810b4e6399790C1a001a29D918A382e9Eea3811,1
0x4f2c66A4628c9200E541c6910C084754E270301f,1
0x038b062c295179f2bBA319f6E6ACEbf69701466B,1
0xE2cB5b63A21392329dFAB4384726ec7304D6a733,0
0x00f97351F7B13Ec844c3D7641cD2A8240a105802,1
0xB79afd3E806b4bDFfc57e85d3dBd6858BaF3A1E8,0
0xC3Bf005eDa7bcF56a138cC555ff77Efa4C3a20Eb,1
0x17Bb6e35E883115251822D715300A89082A80500,1
0x6027Bd0B1b33746E02d075DA20069FFF48794D54,4
0x13F5fDF43e3F622e5087145D1ae778bAEcFC4F15,1
0x267397ebdc53b879FB7681BBc8aA19e57Af11f54,0
0x04683552C75E91c2a9a3BC4dDC2722d59B388d38,1
0xc5Acc3D44c9E51B41a348e1Ca03CfE17BE32C63f,0
0x34dE2B73b2279Dc2c8e35968128E18859D02998E,2
0x7e454017434A22d2416129A1ea14c878A3133eC1,2
0x974BA5E2F572CeE5425F9Ab9310A06b1c724b41B,1
0x1aB8d2D485548BDEbf5572306E675519e35290be,2
0x5E27879755EA2262D7A426de8FFCDDE372a3CA71,3
0xe8BA56CFF9771678907b2950eD5e99B5b4599A19,1
0x93A489e1375E6Ade951288De339454209c889E29,1
0xDb99756E4d232D33005aB80b5638ab9dD544c055,1
0xee7031799FB3d362C729a04DE80d6df6d71539aa,1
0xc62b16B7aB09E50a3d83D78A39d9a8799ABE96E3,1
0x1a87664c6d287AE526131f9B34473bF179721fF5,1
0xecd15cF6FF6e56983ee63F68Fa5B1111D70BF33c,0
0x76CB326F65152D107F62D70AC09f62FC1162f452,0
0x5acCCaD1932174a7DF449905316679f4d6dc6748,3
0xabb69e320fD7754031d69e238f9B3536C4A25e05,1
0x5158Ee25B5fDB564b4E7EeB8AAb726D823Eadc9b,1
0x5D05260B03450f49E217D6C586685DF9Dd5AE008,1
0xA87243279a1d8Eb15dFfE6141a1d5653b20F4ABA,0
0xED9d250118df252EE66C37c6C94eb42A0462e556,1
0x508c22fbc5f989e9f4256cf383df414621c78d08,0
0x431Aa7b8Efc6490C2eb81Ee7695f5c2EA1927793,2
0x41030b161eaD5C233EAf86ad22C1A9286E6827c8,0
0x7211354fd2bdaae0da35dba0f0e90edb25cb55a8,0
0x73d026953e8eb72e85bC184F02e7bCA329875b7C,0
0x2E37f5eADDA7576C02608f827Ab85Ca642A84543,0
0x37Fb6aFE23B93979Cf53e4d8cE9D313d2A85FF26,0
0x7e871df26e835615cc8ded0baf7c8297ed902061,0
0x24A710738f15291d6C7A0e6d6effEbEbb6169E15,0
0x06d0f47342491aec1c2d37e46a60608c97a8a12a,0
0x65B80b049B1f917F7f8106B538822Dc69a3C2c05,0
0xf6de02fbf11c6968722b4caa47de4d9ab84b1f72,0
0xd4b8C74b4DF5596E7016ec98a16554007b696e8c,0
0x7e5186df47496950291175c58f409d53fb985fdf,0
0x76D987C7fd9E76794728db68d8F53351Df3E3095,0
0xdc00479508ed14ba258d32a7cc59fde517c080a0,0
0xd8ed52d0a5ac37abf2f0e40fa918a05bebe8d189,0
0xD3e0f44F99E95C5DEa13c2F6974184C6c6F94f23,0
0x16ba7f8cF33Fa8049c37A3A46ed39Fc4B452F841,0
0xCaCDE839533fa27ED28636D2d3F669a2EBb58aa3,0
0x73c1794228D9a03A28778F5D650994a1bC1Afa24,0
0xf3957E8a24C66516D0082695Cf7ea442009c7138,0
0x7d3161719c57f5C858eC11Dbd2062FD90c1E0Db2,0
0x75A3F82dB60e5c487F23a6F8F5659B7a4FB65230,0
0x7d1aAC968A68A0DEf0274F1F5D14977Da1f0BDa0,0
0xc13CBc477B55519F5b43dC5A0bb6Bb83a43fD6c0,0
0x757eAD883bcF9bd3D6503a735B8dec2c1ae99E35,0
0x6A6AD6708d78Dce384e355ddb5580f55f2908e1f,0
0x2aed30af64d9af25115b984e95c3e67906009948,0
0x8eff3529eac8c1a7b28cbe8e9ee42cc3995029f3,0
0xfce009b57275b1668d0c81c205f394b3455d9227,0
0x4A5F74355ae11fB7227FD51653CDe9413459f9a3,0
0x92ffb1510c303CB8C93a49Cd2571184dd1e793ea,0
0x0000006616620615198f612C9022424DF919dB98,0
0x9B8aD69c3B2e8Bdb69d3bA3A52c8a1f231CD9555,0
0x1A69a0bC9DE639Fc51aA0019e449cc458db24d52,0
0x6De4d67a50e17eaBaa19B0fbFA45940C75dc59e1,0
0x9C06764c1170E49620b2e77938Cf3B8D15C93193,0
0x5449746138CC396d9D613551fd1627bb9A0B9CF5,0
0xe9169beff7f5790fd137d8f712c3a7a36ced9aaa,0
0x0D44C4D0AC72e4f2C07C423D138A04D00c66f42C,0
0x2fdee3aFe53B025B836f80ab9f00000724621018,0
0xcA9c66984A3a2346dFCF2bbDF1b584942a0ba06b,0
0xDdE4bcb59DD5a1374152C8645083d0F62F0F0a4E,0
0xc35855715D74171cD0cD1f05dE8Af84edec04294,0
0xa12be90a91F97c50B9d15188a4f8aA4f78d2D40C,0
0x780432f6fB1fd063502D32515b7Cf62262cA7C3A,0
0x503bBc63f67bCF9072Ec04CC98fa46F98e8C527D,0
0x9Aee9472A9A3e1Ad31c57bd4c70061796ca2aFED,0
0xf7488050F0349Cf8EA9573Bc13D002ba23878EDf,0
0xC0B8CBAB9ACBF10E6e2Be92403c5e78Af34c5314,0
0xCf4f27A00e789B7919C4ad61C03c796794908962,0
0xeD9Bcb4692f2FE1d1FaB9929Da2dAd48647Fc041,0
0xc5dCa9Fd5919F92bf8767E9409936400433D235f,0
0x20cBA7A75772bea80FD772517323FfaE13C216b2,0
0x819FD43757bAC2a84Ff9fBCA210E9E1cF540C702,0
0xBDba2F329660e1782cA2487c59859bcF50983D2E,0
0xa6EE6EC2905220b745074Ca4892298B0efc75775,0
0x4633b43990b41B57b3678c6F3Ac35bA75C3D8436,0
0xC9480B6fB694A954F0D18A46b79C550EEd1C8A10,0
0x006b236f3336344DD22AfCB50B613F263e954F8F,0
0xa093Fd7eD5db7d137259131F0154b91f7076C99D,0
0x017d6f0B50BD6da225f59cAB7880eAE79fd4dDE2,0
0x698a60110a3522E95aB0c6421FEef787Fe30fC09,0
0x35279CF405E0df2a3D7076c3E0B99797d9fe6375,0
0x186F1CA39F9E2Bcd8ECDC24DF0b7D42853fb999F,0
0xE3c0627817532737CaFd8fc9F63C32b56B3D3b54,0
0xFf02EaFca5b93E63699f70bB203D8da6785eceDA,0
0xF83b34cB82e574eDeC4058B382c90EA54A72Fa47,0
0x27DA873Ec0af6bc3e61921952edd9e787f4754cE,0
0x617e63DE58531eFE11a8749384B32Df55144f4f3,0
0x96ECD100EF335618F6895838Fc8C276ACA897263,0
0xa4C46F5a2CF2C37c18AECA4838a5EbB4394b491b,0
0xED5f316edC2399A708B27059052243Ec1BaE7B05,0
0x3812cC115E32A7A1C67f36607a28F915134A595E,0
0xde4aB372e252081205E3798F64bFf881830bb405,0
0xe67693f1F17276ffa010a6d4462f5A0057c6F44e,0
0x8a846b432524aa3aBCeaDD51ce3C3613173646C7,0
0xA9B5E8F99106adfbA8E199159915eA8a74A56795,0
0x300eF07d0f4bA297C9613Ddca5367CF1c91d73CD,0
0xd59FAe6713885Faf454794BEfA1614c14d2F8ad3,0
0x7AbFeAe76f846f96e6c0715b121E9b7896452c7B,0
0x5770dE9f2ca099B15bbFc521693a5CF6717df9F8,0
0x8D129BE72505Affa1955bbc6640e28362d3f8441,0
0x042767c70b1dfe317CDB6Ee6DBbDc86aC15082A0,0
0x582A3Ea00Bc4a2cd46966CB780B6aB2549d39FcA,0
0xA6EB6860Dcdb265A5c3C278C3dB6C59dDf0f5250,0
0x595D420A5e2cED1Cbda1D45B4b0E0D2448713b01,0
0x9Cb6AD3a8D141DA20d9C0345614DBfc4dF7E5cbe,0
0x9A6C28f898efeC369dFe6461C06b4CCE83069D38,0
0xB0cAF54e356E4aaf24972CCFA5DFE62B5BC6Ff21,0
0xBB57Fb72D11af695B18A17769b7a4c879B5991d3,0
0x980A07160Cbcb3396605692C6FbF98DeCEC436f5,0
0xf1972E57f7a003b26f14dd44f00Af72F28942313,0
0x930C41575FcFaE432Bffb797f0f528445FDD54bb,0
0x5e4e151189BCee33355daB8F6c47885F5a92DF84,0
0xf3Beaa390cb40a524D8Ed0645d1D0D3BBA056AbF,0
0x5875c637f1D4F376b1E30A3c920506D46e57C108,0
0xa055Ba399bbE6c1AEBA2D39D8C5727B3Ce117eAc,0
0x430A27a4E419966111C320CC5a558893A38988c6,0
0xf9105E75a5c1E415Bbf2323C23257e356698d3C0,0
0x4BBF51d66488360A956eFB4A885337F99cFB6aF0,0
0x87A3C0ded12f9053e25E2c1eC747B07658DC6db4,0
0x1380389a20443F9c57CFBc6820c0c2Dbb872Aa63,0
0x9D4110544822fDA823e4908CfC7008372048aF25,0
0x3648F3e0e448c79339cc93b45B96bB3ed4cB704F,0
0xBbc5931BF09edC7Ef5B2e8DfBe9CD300F4B15A5c,0
0xab84864845db4a8bc4d4ae11d22c50b5f57e97aa,0
0xC690E36036B7Be90d637C0d39e8EA944BD6FcA7D,0
0xF3B2F3914e2bcEf8850a83d06B58f8AAFe5A0790,0
0x5b0e8221d82c842e4c6ddFD78A03A170aE15c867,0
0xD11766ce81a5a4eAB7104C4c2Fdaac4619E47A20,0
0xE2cB5b63A21392329dFAB4384726ec7304D6a733,0
0xB79afd3E806b4bDFfc57e85d3dBd6858BaF3A1E8,0
0x267397ebdc53b879FB7681BBc8aA19e57Af11f54,0
0xc5Acc3D44c9E51B41a348e1Ca03CfE17BE32C63f,0
0xecd15cF6FF6e56983ee63F68Fa5B1111D70BF33c,0
0x76CB326F65152D107F62D70AC09f62FC1162f452,0
0xA87243279a1d8Eb15dFfE6141a1d5653b20F4ABA,0
0x508c22fbc5f989e9f4256cf383df414621c78d08,0
